{"accuracy": [0.9225555658340454, 0.9700000286102295, 0.9777036905288696, 0.9794629812240601, 0.9812407493591309, 0.984333336353302, 0.9850741028785706, 0.9858148097991943, 0.9892963171005249, 0.9910370111465454, 0.9909999966621399, 0.9912037253379822], "loss": [0.27407509088516235, 0.12298534065485, 0.10265079885721207, 0.09345196932554245, 0.09115412831306458, 0.082272008061409, 0.07954658567905426, 0.07848943024873734, 0.06425575166940689, 0.057386614382267, 0.058206044137477875, 0.054623208940029144], "val_accuracy": [0.9628333449363708, 0.9823333621025085, 0.9828333258628845, 0.9816666841506958, 0.9906666874885559, 0.9868333339691162, 0.9833333492279053, 0.9833333492279053, 0.9916666746139526, 0.9918333292007446, 0.9929999709129333, 0.9923333525657654], "val_loss": [0.15658171474933624, 0.08343157172203064, 0.08005798608064651, 0.10009518265724182, 0.061268147081136703, 0.0720439925789833, 0.08500472456216812, 0.10033683478832245, 0.05840672180056572, 0.0603226013481617, 0.048998281359672546, 0.05098570138216019], "learning_rate": [0.0010000000474974513, 0.0010000000474974513, 0.0010000000474974513, 0.0010000000474974513, 0.0010000000474974513, 0.0010000000474974513, 0.0010000000474974513, 0.0010000000474974513, 0.0005000000237487257, 0.0005000000237487257, 0.0005000000237487257, 0.0005000000237487257]}